,year,costs_fix,profit_op_year,max_op_profit,cumsum_maxopprofit,cumsumwithgrowth_profit,total_profit,total_profit_cumsum
0,2030,551.0,159.1512454675909,480.825,480.825,159.1512454675909,-391.8487545324091,-391.8487545324091
1,2031,70.0,11.923226500166397,58.795,539.62,202.26811607940513,132.26811607940513,-259.580638453004
2,2032,62.0,10.04611389050361,48.265,587.885,251.95878072147215,189.95878072147215,-69.62185773153183
3,2033,19.0,4.3084356723198,20.48,608.365,305.6511374152005,286.6511374152005,217.02927968366865
4,2035,6.0,1.1164588376766713,3.05,611.415,366.6752191862564,360.6752191862564,577.704498869925
